Actual,Predicted,Probability_Class_Y
0,0,0.06022374776252186
1,1,0.8636204281175393
1,1,0.8094679299588418
1,1,0.8162982251541142
1,1,0.8178698527042155
0,1,0.720393870915649
1,1,0.858771283294805
1,1,0.8130951459116004
1,1,0.7227232606208825
1,1,0.6365267453742445
